<config ySuffix="万" title='年度销售'>
    <chartBG paddingTop='10'/>
    <axis>
        <x type='field' title='月份'></x>
        <y type='linear' title='销售额'></y>
    </axis>
    <series>
        <column xField='label' yField='value' singleColor='false'/>
    </series>
    <data>
        <set label='1月' value='279'/>
        <set label='2月' value='410'/>
        <set label='3月' value='325'/>
        <set label='4月' value='572'/>
        <set label='5月' value='629'/>
        <set label='6月' value='710'/>
        <set label='7月' value='489'/>
        <set label='8月' value='635'/>
        <set label='9月' value='750'/>
        <set label='10月' value='600'/>
        <set label='11月' value='760'/>
        <set label='12月' value='950'/>
    </data>
</config>

